"title","year","rating","votes","runtime","genre"
"The Wizard of Oz",1939,8.1,208759,102,"Adventure"
"Singin' in the Rain",1952,8.4,108083,103,"Comedy"
"Seven Samurai",1954,8.8,172933,207,"Action"
"The Bridge on the River Kwai",1957,8.3,110134,161,"Adventure"
"Ben-Hur",1959,8.2,115368,212,"Adventure"
"North by Northwest",1959,8.5,165993,136,"Action"
"Some Like It Hot",1959,8.4,130010,120,"Comedy"
"Lawrence of Arabia",1962,8.4,140500,216,"Adventure"
"Dr. Strangelove or: How I Learned to Stop Worrying and Love the Bomb",1964,8.6,263464,95,"Comedy"
"Goldfinger",1964,7.8,110105,110,"Action"
"The Good, the Bad and the Ugly",1966,9,355063,161,"Adventure"
"The Graduate",1967,8.1,161971,106,"Comedy"
"2001: A Space Odyssey",1968,8.3,294983,160,"Adventure"
"Planet of the Apes",1968,8,109646,112,"Adventure"
"Butch Cassidy and the Sundance Kid",1969,8.2,111062,110,"Adventure"
"Once Upon a Time in the West",1968,8.7,156656,175,"Adventure"
"The Sting",1973,8.4,127707,129,"Comedy"
"Monty Python and the Holy Grail",1975,8.4,284261,91,"Adventure"
"Jaws",1975,8.1,290173,124,"Adventure"
"Annie Hall",1977,8.2,138710,93,"Comedy"
"Close Encounters of the Third Kind",1977,7.7,109786,137,"Adventure"
"Star Wars: Episode IV - A New Hope",1977,8.7,633482,121,"Action"
"Life of Brian",1979,8.2,198588,94,"Comedy"
"Airplane!",1980,7.8,121941,88,"Comedy"
"The Blues Brothers",1980,8,110332,133,"Action"
"Star Wars: Episode V - The Empire Strikes Back",1980,8.8,565009,124,"Action"
"Das Boot",1981,8.5,126994,149,"Action"
"Raiders of the Lost Ark",1981,8.6,471716,115,"Action"
"E.T. the Extra-Terrestrial",1982,7.9,218846,115,"Adventure"
"First Blood",1982,7.6,134361,93,"Action"
"Star Wars: Episode VI - Return of the Jedi",1983,8.4,441741,134,"Action"
"Ghostbusters",1984,7.8,194518,105,"Comedy"
"Gremlins",1984,7.2,101827,106,"Comedy"
"Indiana Jones and the Temple of Doom",1984,7.6,228887,118,"Action"
"The Terminator",1984,8.1,413023,107,"Action"
"Back to the Future",1985,8.5,480044,116,"Adventure"
"The Breakfast Club",1985,7.9,184470,97,"Comedy"
"The Goonies",1985,7.8,132714,114,"Adventure"
"Aliens",1986,8.5,353331,137,"Action"
"Ferris Bueller's Day Off",1986,7.9,188023,103,"Comedy"
"Platoon",1986,8.2,217637,120,"Action"
"Stand by Me",1986,8.2,198547,89,"Adventure"
"Top Gun",1986,6.8,166022,110,"Action"
"Lethal Weapon",1987,7.6,153833,110,"Action"
"Predator",1987,7.9,222991,107,"Action"
"The Princess Bride",1987,8.2,223131,98,"Adventure"
"RoboCop",1987,7.5,132804,102,"Action"
"Spaceballs",1987,7.1,105340,96,"Adventure"
"Beetlejuice",1988,7.4,138783,92,"Comedy"
"Big",1988,7.3,115561,104,"Comedy"
"Die Hard",1988,8.3,431784,131,"Action"
"My Neighbor Totoro",1988,8.3,101476,86,"Animation"
"Who Framed Roger Rabbit",1988,7.7,105875,104,"Animation"
"The Abyss",1989,7.6,106501,139,"Adventure"
"Back to the Future Part II",1989,7.8,220721,108,"Adventure"
"Batman",1989,7.6,209080,126,"Action"
"Ghostbusters II",1989,6.5,100209,108,"Action"
"Indiana Jones and the Last Crusade",1989,8.3,364028,127,"Action"
"The Little Mermaid",1989,7.6,110118,83,"Animation"
"When Harry Met Sally...",1989,7.6,118500,96,"Comedy"
"Back to the Future Part III",1990,7.4,182749,118,"Adventure"
"Dances with Wolves",1990,8,143462,181,"Adventure"
"Die Hard 2",1990,7.1,205192,124,"Action"
"Home Alone",1990,7.4,212728,103,"Comedy"
"The Hunt for Red October",1990,7.6,116660,134,"Action"
"Pretty Woman",1990,6.9,156340,119,"Comedy"
"Total Recall",1990,7.5,186250,113,"Action"
"Beauty and the Beast",1991,8.1,208513,84,"Animation"
"Hook",1991,6.6,137257,144,"Adventure"
"Robin Hood: Prince of Thieves",1991,6.9,117561,143,"Action"
"Terminator 2: Judgment Day",1991,8.5,523190,137,"Action"
"Alien³",1992,6.4,153592,114,"Action"
"Batman Returns",1992,7,163620,126,"Action"
"Home Alone 2: Lost in New York",1992,6.4,132595,120,"Adventure"
"Lethal Weapon 3",1992,6.7,103140,118,"Action"
"Army of Darkness",1992,7.6,100971,81,"Comedy"
"The Fugitive",1993,7.8,175786,130,"Action"
"Groundhog Day",1993,8.1,309100,101,"Comedy"
"Jurassic Park",1993,8,373499,127,"Adventure"
"Mrs. Doubtfire",1993,6.8,124978,125,"Comedy"
"The Nightmare Before Christmas",1993,8.1,175067,76,"Animation"
"Ace Ventura: Pet Detective",1994,6.9,157869,86,"Comedy"
"Clerks.",1994,7.9,153365,92,"Comedy"
"The Crow",1994,7.6,111499,102,"Action"
"Dumb & Dumber",1994,7.3,216305,107,"Comedy"
"The Lion King",1994,8.5,405912,89,"Animation"
"The Mask",1994,6.8,186368,101,"Comedy"
"Speed",1994,7.2,205061,116,"Action"
"Stargate",1994,7,123488,121,"Action"
"True Lies",1994,7.2,150049,141,"Action"
"Ace Ventura: When Nature Calls",1995,6.2,117598,90,"Comedy"
"Apollo 13",1995,7.6,164684,140,"Adventure"
"Bad Boys",1995,6.8,125143,118,"Action"
"Batman Forever",1995,5.4,149277,121,"Action"
"Braveheart",1995,8.4,525145,177,"Action"
"Desperado",1995,7.2,109163,104,"Action"
"Die Hard: With a Vengeance",1995,7.6,232763,131,"Action"
"GoldenEye",1995,7.2,158232,130,"Action"
"Heat",1995,8.3,323754,170,"Action"
"Jumanji",1995,6.7,135034,104,"Adventure"
"Toy Story",1995,8.3,409668,81,"Animation"
"Waterworld",1995,6,114219,135,"Action"
"From Dusk Till Dawn",1996,7.3,164022,108,"Action"
"Happy Gilmore",1996,7,114980,92,"Comedy"
"Independence Day",1996,6.9,326834,145,"Action"
"Jerry Maguire",1996,7.3,146862,139,"Comedy"
"Mars Attacks!",1996,6.3,137730,106,"Comedy"
"Mission: Impossible",1996,7,217631,110,"Action"
"The Rock",1996,7.4,214355,136,"Action"
"Twister",1996,6.2,120055,113,"Action"
"Air Force One",1997,6.4,117900,124,"Action"
"Alien: Resurrection",1997,6.3,126907,109,"Action"
"Austin Powers: International Man of Mystery",1997,7,146879,89,"Comedy"
"Batman & Robin",1997,3.6,150316,125,"Action"
"The Big Lebowski",1998,8.2,381537,117,"Comedy"
"Life Is Beautiful",1997,8.6,267087,116,"Comedy"
"Con Air",1997,6.8,178495,115,"Action"
"Face/Off",1997,7.3,223669,138,"Action"
"The Fifth Element",1997,7.6,261202,126,"Action"
"Liar Liar",1997,6.8,158903,86,"Comedy"
"The Lost World: Jurassic Park",1997,6.4,187100,129,"Action"
"Men in Black",1997,7.2,292609,98,"Comedy"
"Princess Mononoke",1997,8.5,150213,134,"Animation"
"As Good as It Gets",1997,7.8,189502,139,"Comedy"
"Three Kings",1999,7.2,116354,114,"Action"
"Starship Troopers",1997,7.2,179573,129,"Action"
"Tomorrow Never Dies",1997,6.4,116800,119,"Action"
"Toy Story 2",1999,7.9,276867,92,"Animation"
"The Truman Show",1998,8,457199,103,"Comedy"
"Armageddon",1998,6.6,252343,151,"Action"
"Being John Malkovich",1999,7.8,207820,112,"Comedy"
"Blade",1998,7.1,144929,120,"Action"
"The Mummy",1999,7,251958,125,"Action"
"A Bug's Life",1998,7.2,159524,95,"Animation"
"Chicken Run",2000,7.1,107470,84,"Animation"
"Deep Impact",1998,6.1,113121,120,"Action"
"Dogma",1999,7.4,154732,130,"Adventure"
"Enemy of the State",1998,7.3,153279,132,"Action"
"Fantastic Four",2005,5.7,199059,106,"Action"
"Fear and Loathing in Las Vegas",1998,7.8,171879,118,"Comedy"
"Godzilla",1998,5.2,120832,139,"Action"
"Lock, Stock and Two Smoking Barrels",1998,8.2,303829,107,"Comedy"
"The Lord of the Rings: The Fellowship of the Ring",2001,8.9,870253,178,"Action"
"The Mask of Zorro",1998,6.7,107542,136,"Action"
"Mulan",1998,7.5,108134,88,"Animation"
"Resident Evil",2002,6.7,159865,100,"Action"
"Rush Hour",1998,6.9,142643,98,"Action"
"Saving Private Ryan",1998,8.6,596960,169,"Action"
"Wild Wild West",1999,4.7,108272,106,"Action"
"X-Men",2000,7.4,307750,104,"Action"
"Men in Black II",2002,6,186510,88,"Action"
"Corpse Bride",2005,7.4,136511,77,"Animation"
"Star Wars: Episode II - Attack of the Clones",2002,6.8,323973,142,"Action"
"Star Wars: Episode III - Revenge of the Sith",2005,7.7,360711,140,"Action"
"Lethal Weapon 4",1998,6.6,104551,127,"Action"
"Ronin",1998,7.3,123989,122,"Action"
"Analyze This",1999,6.7,104010,103,"Comedy"
"Notting Hill",1999,7,152034,124,"Comedy"
"Shrek",2001,7.9,340044,90,"Animation"
"Rushmore",1998,7.8,102686,93,"Comedy"
"You've Got Mail",1998,6.5,118484,119,"Comedy"
"Run Lola Run",1998,7.8,138797,80,"Action"
"The Matrix",1999,8.7,836596,136,"Action"
"Planet of the Apes",2001,5.7,143608,119,"Action"
"Pitch Black",2000,7.1,158680,109,"Action"
"Shakespeare in Love",1998,7.2,142233,123,"Comedy"
"Big Daddy",1999,6.4,121887,93,"Comedy"
"The Boondock Saints",1999,7.9,171296,108,"Action"
"Austin Powers: The Spy Who Shagged Me",1999,6.6,147827,95,"Action"
"Lara Croft: Tomb Raider",2001,5.7,122293,100,"Action"
"High Fidelity",2000,7.6,118541,113,"Comedy"
"10 Things I Hate About You",1999,7.2,162494,97,"Comedy"
"Office Space",1999,7.9,162583,89,"Comedy"
"South Park: Bigger Longer & Uncut",1999,7.8,129575,81,"Animation"
"Charlie's Angels",2000,5.5,121540,98,"Action"
"Cast Away",2000,7.7,282499,143,"Adventure"
"Jurassic Park III",2001,5.9,148552,92,"Action"
"American Pie",1999,7,253141,95,"Comedy"
"The Beach",2000,6.6,130952,119,"Adventure"
"Hellboy",2004,6.8,193137,122,"Action"
"The Lord of the Rings: The Return of the King",2003,8.9,840207,201,"Action"
"The Lord of the Rings: The Two Towers",2002,8.8,755913,179,"Action"
"How the Grinch Stole Christmas",2000,5.9,103715,104,"Comedy"
"Bad Boys II",2003,6.5,138299,147,"Action"
"Gladiator",2000,8.5,660343,155,"Action"
"Scary Movie",2000,6.2,147726,88,"Comedy"
"Galaxy Quest",1999,7.3,101046,102,"Adventure"
"Minority Report",2002,7.7,306762,145,"Action"
"Terminator 3: Rise of the Machines",2003,6.4,226497,109,"Action"
"Me, Myself & Irene",2000,6.5,148136,116,"Comedy"
"A Knight's Tale",2001,6.9,109282,132,"Action"
"Gone in Sixty Seconds",2000,6.4,173209,118,"Action"
"The Patriot",2000,7.1,162211,165,"Action"
"Blade II",2002,6.7,119763,117,"Action"
"Crouching Tiger, Hidden Dragon",2000,7.9,187749,120,"Action"
"O Brother, Where Art Thou?",2000,7.8,175313,106,"Comedy"
"Zoolander",2001,6.6,146343,89,"Comedy"
"Monsters, Inc.",2001,8.1,374709,92,"Animation"
"What Women Want",2000,6.4,126978,127,"Comedy"
"Snatch.",2000,8.4,432274,102,"Comedy"
"The Mummy Returns",2001,6.3,197735,130,"Action"
"Amélie",2001,8.5,381795,122,"Comedy"
"Meet the Parents",2000,7,206645,108,"Comedy"
"Miss Congeniality",2000,6.1,101504,109,"Action"
"A.I. Artificial Intelligence",2001,7.1,190165,146,"Adventure"
"Pearl Harbor",2001,5.9,193956,183,"Action"
"Road Trip",2000,6.5,107578,93,"Adventure"
"The Fast and the Furious",2001,6.5,187877,106,"Action"
"The Matrix Reloaded",2003,7.2,332152,138,"Action"
"Equilibrium",2002,7.6,209008,107,"Action"
"Harry Potter and the Sorcerer's Stone",2001,7.4,324946,152,"Adventure"
"The Matrix Revolutions",2003,6.7,287262,129,"Action"
"Bridget Jones's Diary",2001,6.7,128121,97,"Comedy"
"Swordfish",2001,6.5,133134,99,"Action"
"Spirited Away",2001,8.6,272880,125,"Animation"
"Die Another Day",2002,6.1,132480,133,"Action"
"How to Lose a Guy in 10 Days",2003,6.3,107498,116,"Comedy"
"American Pie 2",2001,6.4,158631,108,"Comedy"
"S.W.A.T.",2003,6,100303,117,"Action"
"The Bourne Identity",2002,7.9,299565,119,"Action"
"Ghost Rider",2007,5.2,139066,114,"Action"
"Jay and Silent Bob Strike Back",2001,6.9,109863,104,"Comedy"
"The Girl Next Door",2004,6.8,141333,108,"Comedy"
"The Royal Tenenbaums",2001,7.6,160053,110,"Comedy"
"Battle Royale",2000,7.8,113063,114,"Adventure"
"Finding Nemo",2003,8.2,450974,100,"Animation"
"Kill Bill: Vol. 1",2003,8.2,506053,111,"Action"
"Rush Hour 2",2001,6.5,125336,90,"Action"
"Spy Game",2001,7,100852,126,"Action"
"Adaptation.",2002,7.8,117234,114,"Comedy"
"Ice Age",2002,7.6,232009,81,"Animation"
"About a Boy",2002,7.1,118731,101,"Comedy"
"Once Upon a Time in Mexico",2003,6.4,106116,102,"Action"
"Hulk",2003,5.7,162740,138,"Action"
"Daredevil",2003,5.4,133471,103,"Action"
"Meet the Fockers",2004,6.3,167275,115,"Comedy"
"X-Men 2",2003,7.5,283394,133,"Action"
"The Transporter",2002,6.8,179541,92,"Action"
"Austin Powers in Goldmember",2002,6.2,132448,94,"Action"
"Harry Potter and the Chamber of Secrets",2002,7.3,284412,161,"Adventure"
"xXx",2002,5.8,116673,124,"Action"
"The Chronicles of Riddick",2004,6.7,149184,119,"Action"
"Shrek 2",2004,7.3,226472,93,"Animation"
"Chicago",2002,7.2,138736,113,"Comedy"
"Old School",2003,7.2,158258,91,"Comedy"
"Harry Potter and the Prisoner of Azkaban",2004,7.8,279347,142,"Adventure"
"Anger Management",2003,6.2,141065,106,"Comedy"
"Shark Tale",2004,6,102558,90,"Animation"
"Master and Commander: The Far Side of the World",2003,7.4,140120,138,"Action"
"The League of Extraordinary Gentlemen",2003,5.8,108276,110,"Action"
"Love Actually",2003,7.7,244505,135,"Comedy"
"Bruce Almighty",2003,6.7,217140,101,"Comedy"
"Spider-Man 2",2004,7.4,275224,127,"Action"
"Cars",2006,7.3,168841,117,"Animation"
"The Italian Job",2003,7,224597,111,"Action"
"Mission: Impossible III",2006,6.8,184806,126,"Action"
"Resident Evil: Apocalypse",2004,6.1,122823,94,"Action"
"Big Fish",2003,8,295867,125,"Adventure"
"The Day After Tomorrow",2004,6.4,245978,124,"Action"
"Elf",2003,6.9,109149,97,"Comedy"
"Kingdom of Heaven",2005,7.2,164908,144,"Action"
"Underworld",2003,7,163653,121,"Action"
"2 Fast 2 Furious",2003,5.6,124488,107,"Action"
"The Last Samurai",2003,7.7,241419,154,"Action"
"Pirates of the Caribbean: The Curse of the Black Pearl",2003,8.1,571506,143,"Action"
"Coraline",2009,7.7,110199,100,"Animation"
"Man on Fire",2004,7.8,205437,146,"Action"
"American Wedding",2003,6.2,128245,96,"Comedy"
"Harry Potter and the Goblet of Fire",2005,7.6,284052,157,"Adventure"
"School of Rock",2003,7.1,155951,108,"Comedy"
"Troy",2004,7.2,274525,163,"Adventure"
"Garden State",2004,7.7,164838,102,"Comedy"
"Starsky & Hutch",2004,6.1,101718,101,"Comedy"
"Live Free or Die Hard",2007,7.3,278271,128,"Action"
"Lemony Snicket's A Series of Unfortunate Events",2004,6.8,124794,108,"Adventure"
"50 First Dates",2004,6.8,202178,99,"Comedy"
"Alexander",2004,5.5,114519,175,"Action"
"Howl's Moving Castle",2004,8.2,136153,119,"Animation"
"Superman Returns",2006,6.2,205733,154,"Action"
"King Arthur",2004,6.3,107097,126,"Action"
"Madagascar",2005,6.9,182984,86,"Animation"
"Mr. & Mrs. Smith",2005,6.4,236374,120,"Action"
"Anchorman: The Legend of Ron Burgundy",2004,7.3,195798,94,"Comedy"
"King Kong",2005,7.3,253640,187,"Action"
"Inglourious Basterds",2009,8.3,556360,153,"Adventure"
"The Terminal",2004,7.3,219436,128,"Comedy"
"The Life Aquatic with Steve Zissou",2004,7.3,102399,119,"Adventure"
"Dawn of the Dead",2004,7.4,153839,101,"Action"
"The Chronicles of Narnia: The Lion, the Witch and the Wardrobe",2005,6.9,216450,143,"Adventure"
"Dodgeball: A True Underdog Story",2004,6.7,136735,92,"Comedy"
"Shaun of the Dead",2004,8,299764,99,"Comedy"
"Harold & Kumar Go to White Castle",2004,7.2,128515,88,"Adventure"
"Charlie and the Chocolate Factory",2005,6.8,231856,115,"Adventure"
"Indiana Jones and the Kingdom of the Crystal Skull",2008,6.3,254789,122,"Action"
"National Treasure",2004,6.9,199418,131,"Action"
"AVP: Alien vs. Predator",2004,5.5,111584,101,"Action"
"Iron Man",2008,7.9,467927,126,"Action"
"The Bourne Supremacy",2004,7.8,251871,108,"Action"
"Team America: World Police",2004,7.2,110704,98,"Animation"
"Batman Begins",2005,8.3,657342,140,"Action"
"Kiss Kiss Bang Bang",2005,7.7,142953,103,"Action"
"Harry Potter and the Order of the Phoenix",2007,7.4,261515,138,"Adventure"
"Napoleon Dynamite",2004,6.9,130519,82,"Comedy"
"Sideways",2004,7.6,125477,126,"Comedy"
"X-Men: The Last Stand",2006,6.8,265008,104,"Action"
"Mean Girls",2004,6.9,166803,97,"Comedy"
"Kill Bill: Vol. 2",2004,8,384686,137,"Action"
"Serenity",2005,8,196675,119,"Action"
"Casino Royale",2006,8,342173,144,"Action"
"3:10 to Yuma",2007,7.8,191108,122,"Adventure"
"Ratatouille",2007,8,339920,111,"Animation"
"Pirates of the Caribbean: Dead Man's Chest",2006,7.3,381723,151,"Action"
"The Golden Compass",2007,6.1,122839,113,"Adventure"
"Hitch",2005,6.7,192054,118,"Comedy"
"Click",2006,6.5,182883,107,"Comedy"
"Wedding Crashers",2005,7,222310,119,"Comedy"
"Bolt",2008,7,108261,96,"Animation"
"Tangled",2010,7.9,175102,100,"Animation"
"The Island",2005,6.9,217914,136,"Action"
"John Carter",2012,6.6,165198,132,"Action"
"Underworld: Evolution",2006,6.7,122183,106,"Action"
"The 40-Year-Old Virgin",2005,7.2,233921,116,"Comedy"
"War of the Worlds",2005,6.5,253227,116,"Adventure"
"Flightplan",2005,6.2,102678,98,"Action"
"Watchmen",2009,7.6,300569,162,"Action"
"Cowboys & Aliens",2011,6.1,136790,119,"Action"
"Hellboy II: The Golden Army",2008,7.1,169087,120,"Action"
"Shrek the Third",2007,6,154120,93,"Animation"
"Spider-Man 3",2007,6.3,262797,139,"Action"
"300",2006,7.8,463799,117,"Action"
"Snakes on a Plane",2006,5.7,102897,105,"Action"
"Harry Potter and the Half-Blood Prince",2009,7.4,230099,153,"Adventure"
"Stranger Than Fiction",2006,7.7,158488,113,"Comedy"
"Get Smart",2008,6.6,139230,110,"Action"
"Hot Fuzz",2007,7.9,264052,121,"Action"
"Thank You for Smoking",2005,7.7,166818,92,"Comedy"
"The A-Team",2010,6.8,167381,117,"Action"
"Role Models",2008,6.9,162734,99,"Comedy"
"Resident Evil: Extinction",2007,6.3,121351,94,"Action"
"Real Steel",2011,7.1,193734,127,"Action"
"V for Vendetta",2005,8.2,557149,132,"Action"
"The Descent",2005,7.3,118003,99,"Adventure"
"Toy Story 3",2010,8.5,354090,103,"Animation"
"Ice Age: The Meltdown",2006,6.9,131093,91,"Animation"
"Terminator Salvation",2009,6.7,219583,115,"Action"
"The Bourne Ultimatum",2007,8.1,349169,115,"Action"
"Kung Fu Panda",2008,7.6,209068,90,"Animation"
"Beowulf",2007,6.3,122239,115,"Animation"
"Vantage Point",2008,6.6,110927,90,"Action"
"Borat: Cultural Learnings of America for Make Benefit Glorious Nation of Kazakhstan",2006,7.3,242870,84,"Comedy"
"Scott Pilgrim vs. the World",2010,7.5,200557,112,"Action"
"Knowing",2009,6.2,152925,121,"Action"
"Hancock",2008,6.5,231529,92,"Action"
"Little Miss Sunshine",2006,7.9,278063,101,"Adventure"
"Pirates of the Caribbean: At World's End",2007,7.1,343573,169,"Action"
"Blood Diamond",2006,8,290678,143,"Adventure"
"Death Race",2008,6.4,132344,105,"Action"
"Deja Vu",2006,7,189848,126,"Action"
"Life of Pi",2012,8.1,297300,127,"Adventure"
"The Holiday",2006,6.9,137228,138,"Comedy"
"Captain America: The First Avenger",2011,6.8,277792,124,"Action"
"The Devil Wears Prada",2006,6.8,201103,109,"Comedy"
"X-Men Origins: Wolverine",2009,6.8,227155,107,"Action"
"Enchanted",2007,7.2,110303,107,"Comedy"
"Grindhouse",2007,7.7,130413,191,"Action"
"Rambo",2008,7.1,146551,92,"Action"
"The Simpsons Movie",2007,7.4,205074,87,"Animation"
"The Fast and the Furious: Tokyo Drift",2006,5.9,113877,104,"Action"
"National Treasure: Book of Secrets",2007,6.5,145649,124,"Action"
"Shoot 'Em Up",2007,6.8,114583,86,"Action"
"Juno",2007,7.6,323349,96,"Comedy"
"The Dark Knight",2008,9,1151458,152,"Action"
"Apocalypto",2006,7.8,193520,139,"Action"
"Prince of Persia: The Sands of Time",2010,6.6,167050,116,"Action"
"Smokin' Aces",2006,6.7,106009,108,"Action"
"Unstoppable",2010,6.8,113239,98,"Action"
"Night at the Museum",2006,6.3,160881,108,"Action"
"Crank",2006,7,154657,88,"Action"
"Fantastic 4: Rise of the Silver Surfer",2007,5.6,161485,92,"Action"
"Stardust",2007,7.8,173241,127,"Adventure"
"Jumper",2008,6,188779,88,"Action"
"Wanted",2008,6.7,237319,110,"Action"
"The Chronicles of Narnia: Prince Caspian",2008,6.6,110046,150,"Action"
"Avatar",2009,8,657389,162,"Action"
"Love & Other Drugs",2010,6.6,104048,112,"Comedy"
"Into the Wild",2007,8.2,290910,148,"Adventure"
"Body of Lies",2008,7.1,137524,128,"Action"
"Man of Steel",2013,7.4,359556,143,"Action"
"In Bruges",2008,8,242386,107,"Comedy"
"Jack Reacher",2012,7,152015,130,"Action"
"Mamma Mia!",2008,6.4,105742,108,"Comedy"
"Star Trek",2009,8.1,401643,127,"Action"
"Forgetting Sarah Marshall",2008,7.3,175577,111,"Comedy"
"The Incredible Hulk",2008,6.9,235963,112,"Action"
"Clash of the Titans",2010,5.8,182029,106,"Action"
"Thor",2011,7,338213,115,"Action"
"Percy Jackson & the Olympians: The Lightning Thief",2010,5.9,102980,118,"Adventure"
"World War Z",2013,7.1,283626,116,"Action"
"Shooter",2007,7.2,193652,124,"Action"
"The Bucket List",2007,7.4,144493,97,"Adventure"
"Superbad",2007,7.7,326763,113,"Comedy"
"Quantum of Solace",2008,6.7,239525,106,"Action"
"Definitely, Maybe",2008,7.2,105226,112,"Comedy"
"Step Brothers",2008,6.8,159452,98,"Comedy"
"Cloudy with a Chance of Meatballs",2009,7,102371,90,"Animation"
"The Avengers",2012,8.2,630936,143,"Action"
"Burn After Reading",2008,7,196285,96,"Comedy"
"How to Train Your Dragon",2010,8.2,284039,98,"Animation"
"The Road",2009,7.3,137408,111,"Adventure"
"The Hobbit: An Unexpected Journey",2012,8.1,435346,169,"Adventure"
"WALL·E",2008,8.5,476249,98,"Animation"
"Harry Potter and the Deathly Hallows: Part 1",2010,7.7,234235,146,"Adventure"
"Taken",2008,7.9,364292,93,"Action"
"Tropic Thunder",2008,7,239115,107,"Action"
"Salt",2010,6.4,190682,100,"Action"
"The Amazing Spider-Man",2012,7.2,293750,136,"Action"
"Robin Hood",2010,6.7,167266,140,"Action"
"You Don't Mess with the Zohan",2008,5.5,121668,113,"Action"
"Hugo",2011,7.6,189943,126,"Adventure"
"17 Again",2009,6.4,104297,102,"Comedy"
"Sucker Punch",2011,6.1,158207,110,"Action"
"The Adventures of Tintin",2011,7.4,139438,107,"Animation"
"Machete",2010,6.7,137848,105,"Action"
"Surrogates",2009,6.3,128003,89,"Action"
"Sherlock Holmes",2009,7.6,346449,128,"Action"
"The Green Hornet",2011,5.9,112103,119,"Action"
"Hanna",2011,6.8,130829,111,"Action"
"He's Just Not That Into You",2009,6.4,103062,129,"Comedy"
"Megamind",2010,7.3,121511,95,"Animation"
"Zack and Miri Make a Porno",2008,6.7,126619,101,"Comedy"
"Knight and Day",2010,6.3,112854,109,"Action"
"Fast & Furious",2009,6.6,133319,107,"Action"
"Alice in Wonderland",2010,6.5,227332,108,"Adventure"
"(500) Days of Summer",2009,7.8,273790,95,"Comedy"
"Death Proof",2007,7.1,162116,113,"Action"
"RocknRolla",2008,7.3,154522,114,"Action"
"The Descendants",2011,7.4,163685,115,"Comedy"
"What Happens in Vegas",2008,6.1,109552,99,"Comedy"
"The Book of Eli",2010,6.9,169539,118,"Action"
"The Proposal",2009,6.7,156129,108,"Comedy"
"Silver Linings Playbook",2012,7.9,354215,122,"Comedy"
"G.I. Joe: The Rise of Cobra",2009,5.8,141426,118,"Action"
"Up",2009,8.3,425485,96,"Animation"
"The Imaginarium of Doctor Parnassus",2009,6.9,104363,123,"Adventure"
"Transformers: Revenge of the Fallen",2009,6,238240,150,"Action"
"Eagle Eye",2008,6.6,126202,118,"Action"
"Cloverfield",2008,7.1,233016,85,"Action"
"Yes Man",2008,6.9,213775,104,"Comedy"
"Skyfall",2012,7.8,376186,143,"Action"
"Planet Terror",2007,7.3,136725,105,"Action"
"Dark Shadows",2012,6.3,147346,113,"Comedy"
"Ice Age: Dawn of the Dinosaurs",2009,7.1,112581,94,"Animation"
"Adventureland",2009,6.8,106482,107,"Comedy"
"Paul",2011,7.1,145230,104,"Adventure"
"TRON: Legacy",2010,6.9,208730,125,"Action"
"The Taking of Pelham 1 2 3",2009,6.4,113426,106,"Action"
"The Hangover",2009,7.8,424794,100,"Comedy"
"Green Lantern",2011,5.7,169039,114,"Action"
"District 9",2009,8,415390,112,"Action"
"The Ugly Truth",2009,6.5,117119,96,"Comedy"
"I Love You, Man",2009,7.1,136399,105,"Comedy"
"Zombieland",2009,7.8,275243,88,"Comedy"
"The Hobbit: The Desolation of Smaug",2013,8.1,249443,161,"Adventure"
"2012",2009,5.8,211022,158,"Action"
"Rango",2011,7.3,134510,107,"Animation"
"The Bourne Legacy",2012,6.7,165213,135,"Action"
"Harry Potter and the Deathly Hallows: Part 2",2011,8.1,344216,130,"Adventure"
"The Lone Ranger",2013,6.6,116599,149,"Action"
"Brave",2012,7.2,165044,93,"Animation"
"Battle Los Angeles",2011,5.8,131354,116,"Action"
"Resident Evil: Afterlife",2010,5.9,105347,97,"Action"
"Ip Man",2008,8.1,101020,106,"Action"
"Get Him to the Greek",2010,6.4,122105,109,"Comedy"
"Iron Man 2",2010,7.1,337808,124,"Action"
"Mission: Impossible - Ghost Protocol",2011,7.4,266646,133,"Action"
"Due Date",2010,6.6,215748,95,"Comedy"
"Hot Tub Time Machine",2010,6.5,110486,101,"Adventure"
"21 Jump Street",2012,7.2,243684,109,"Action"
"The Tourist",2010,6,128663,103,"Action"
"This Is the End",2013,6.9,188103,107,"Comedy"
"Red",2010,7.1,184923,111,"Action"
"Kick-Ass",2010,7.8,324419,117,"Action"
"Immortals",2011,6.1,112273,110,"Action"
"The Twilight Saga: New Moon",2009,4.6,179909,130,"Adventure"
"X-Men: First Class",2011,7.8,340539,132,"Action"
"Looper",2012,7.5,303605,119,"Action"
"Date Night",2010,6.3,102062,88,"Comedy"
"Easy A",2010,7.2,182792,92,"Comedy"
"Bad Teacher",2011,5.7,123366,92,"Comedy"
"Pirates of the Caribbean: On Stranger Tides",2011,6.7,258392,136,"Action"
"Iron Man 3",2013,7.4,350466,130,"Action"
"Kung Fu Panda 2",2011,7.4,118131,91,"Animation"
"50/50",2011,7.8,207865,100,"Comedy"
"Rise of the Planet of the Apes",2011,7.6,272305,105,"Action"
"The Expendables",2010,6.5,194645,103,"Action"
"Gangster Squad",2013,6.8,130219,113,"Action"
"Despicable Me",2010,7.7,241480,95,"Animation"
"The Twilight Saga: Breaking Dawn - Part 1",2011,4.9,141847,117,"Adventure"
"The Twilight Saga: Eclipse",2010,4.9,144112,124,"Adventure"
"Dredd",2012,7,149225,95,"Action"
"The Dark Knight Rises",2012,8.6,753594,165,"Action"
"Cloud Atlas",2012,7.6,210794,172,"Adventure"
"Inception",2010,8.8,931327,148,"Action"
"Grown Ups",2010,5.9,130952,102,"Comedy"
"The Other Guys",2010,6.6,139436,107,"Action"
"Total Recall",2012,6.3,155966,118,"Action"
"The Hunger Games",2012,7.3,480617,142,"Adventure"
"Taken 2",2012,6.3,145092,92,"Action"
"Transformers: Dark of the Moon",2011,6.4,238527,154,"Action"
"Unknown",2011,6.9,159966,113,"Action"
"True Grit",2010,7.7,186806,110,"Adventure"
"Star Trek Into Darkness",2013,7.9,272221,132,"Action"
"Men in Black 3",2012,6.9,189035,106,"Action"
"No Strings Attached",2011,6.2,118876,108,"Comedy"
"The Hangover Part II",2011,6.5,270968,102,"Comedy"
"Predators",2010,6.4,137701,107,"Action"
"Hansel & Gretel: Witch Hunters",2013,6.1,113367,88,"Action"
"The Wolverine",2013,6.8,187381,126,"Action"
"Rio",2011,7,116302,96,"Animation"
"Battleship",2012,5.9,156293,131,"Action"
"Prometheus",2012,7.1,339420,124,"Adventure"
"Monsters University",2013,7.5,133825,104,"Animation"
"Bridesmaids",2011,6.9,166930,125,"Comedy"
"Oblivion",2013,7,240839,124,"Action"
"The Change-Up",2011,6.4,110399,112,"Comedy"
"Horrible Bosses",2011,6.9,256896,98,"Comedy"
"Sherlock Holmes: A Game of Shadows",2011,7.5,236863,129,"Action"
"Elysium",2013,6.7,194012,109,"Action"
"127 Hours",2010,7.7,208624,94,"Adventure"
"Just Go with It",2011,6.4,124675,117,"Comedy"
"Crazy, Stupid, Love.",2011,7.5,275997,118,"Comedy"
"G.I. Joe: Retaliation",2013,5.9,103584,110,"Action"
"Warm Bodies",2013,7,129637,98,"Comedy"
"Fast Five",2011,7.3,203990,130,"Action"
"This Means War",2012,6.4,109220,103,"Action"
"Safe House",2012,6.8,125071,115,"Action"
"The Grey",2011,6.8,155699,117,"Action"
"American Reunion",2012,6.8,137312,113,"Comedy"
"Midnight in Paris",2011,7.7,219955,94,"Comedy"
"A Good Day to Die Hard",2013,5.4,123837,98,"Action"
"Abraham Lincoln: Vampire Hunter",2012,6,100839,105,"Action"
"Oz the Great and Powerful",2013,6.4,135860,130,"Adventure"
"Friends with Benefits",2011,6.6,182271,109,"Comedy"
"Project X",2012,6.7,119215,88,"Comedy"
"In Time",2011,6.6,213311,109,"Action"
"Ted",2012,7.1,321504,106,"Comedy"
"The Dictator",2012,6.4,157623,83,"Comedy"
"Wrath of the Titans",2012,5.8,117567,99,"Action"
"Kick-Ass 2",2013,6.8,115230,103,"Action"
"The Artist",2011,8,145446,100,"Comedy"
"Pacific Rim",2013,7.1,233835,131,"Action"
"The Twilight Saga: Breaking Dawn - Part 2",2012,5.6,133930,115,"Adventure"
"Despicable Me 2",2013,7.6,168167,98,"Animation"
"We're the Millers",2013,7.1,170359,110,"Comedy"
"Snow White and the Huntsman",2012,6.2,172153,127,"Adventure"
"Moonrise Kingdom",2012,7.8,160434,94,"Comedy"
"The Expendables 2",2012,6.8,179914,103,"Action"
"Wreck-It Ralph",2012,7.8,167471,108,"Animation"
"After Earth",2013,5,108264,100,"Action"
"Django Unchained",2012,8.5,568931,165,"Adventure"
"Fast & Furious 6",2013,7.2,196463,130,"Action"
"Seven Psychopaths",2012,7.2,134215,110,"Comedy"
"The Hangover Part III",2013,5.9,129218,100,"Comedy"
"The Hunger Games: Catching Fire",2013,7.9,267200,146,"Adventure"
"Rush",2013,8.3,140946,123,"Action"
"Thor: The Dark World",2013,7.3,195634,112,"Action"
"Pitch Perfect",2012,7.3,123857,112,"Comedy"
"Don Jon",2013,6.8,105210,90,"Comedy"
"Frozen",2013,7.9,166804,102,"Animation"
"Olympus Has Fallen",2013,6.5,132564,119,"Action"
